0	what is criminal anthropology
1	what is forensic anthropology
2	what is forensic anthropology wikipedia
3	what is forensic anthropology
4	what is forensic anthropology
5	what is physical anthropology
6	what is forensic anthropology
7	what is the science of forensic anthropology
8	what can forensic anthropologists do
9	what is forensic anthropology
10	what is an anthropology definition
11	what does archaeology anthropology study
12	why is archaeology considered a discipline
13	what is an archaeologist
14	why is the term anthropology
15	definition archaeology
16	what is anthropology and archaeology
17	what does archaeology study
18	what is archaeology
19	what is archaeology definition
20	environmental anthropology definition
21	environmental anthropology
22	what is environmental anthropology
23	what is the environmental anthropology
24	what is environmental anthropology
25	what is environmental anthropology
26	what is the environmental anthropology
27	what is environmental anthropology
28	what is environmental anthropology
29	what is the role of environmental anthropology in sociology
30	what is ecological anthropology and how does it help
31	what is ecological anthropology
32	environmental anthropology definition
33	what is anthropologic anthropology
34	what is ecological anthropology
35	what is anthropological anthropology
36	why is an environmental anthropologist called Ecological Anthropologist
37	what is ecological anthropology
38	explain the importance of Ecological anthropology
39	what is an ecological anthropology
40	what graduate degree is in anthropology
41	where is biological anthropology school at cu boulder
42	what classes do undergraduates take at cu boulder university
43	what majors are in anthropology
44	what is the graduate program in anthropology
45	what is the degree program for anthropologist
46	what is anthropology degree
47	what kind of anthropology is cu
48	what classes does cu boulder offer
49	where do you go for anthropology degree
50	what is the role of a synaptic knob
51	what is the function of a synaptic knob?
52	what is the function of a synaptic knob in neurons?
53	what is the effect of a synaptic knob
54	what is the purpose of a synaptic knob?
55	what is the function of the synaptic knob?
56	what is the function of a synaptic knob
57	what is the function of a synaptic knob
58	what is the function of the synapses
59	what is the function of a synaptic knob
60	what is the axon terminal
61	where are axon terminals
62	what is the axon terminal
63	what is axon terminals mean
64	axon terminals definition
65	what is axon terminals
66	what is axon terminals
67	what is the term axon terminals
68	what is the function of an axon terminal in a human nerve
69	what is axon terminals
70	what are the axons called?
71	what is the purpose of an axon fiber
72	axons are terminated by what
73	what is axons
74	what is axon terminal
75	what is the function of an axon fiber
76	what is the purpose of axon terminal?
77	which type of nerve conducts impulses toward other neurons
78	where do you find axon terminals
79	what is axon terminal
80	which structure of axons is branched?
81	where are the end knobs of the axon
82	what structures attach to axons
83	what is the structure at the end of a axon called
84	what is the structure of the axon?
85	which structure consists of two branched ends that connect to another axon?
86	which part of the axon is a switch
87	where is the terminal end of an axon located
88	which structure at the end of an axon is called the
89	what structure is found at the end of one axon
90	which neuron makes connections with a nerve
91	which axon terminals are responsible for a nerve cell's ability to communicate with other cells
92	what type of cells produce synapses
93	which part of a nerve is responsible for making synaptic connections
94	which part of a nerve cell is responsible for the synaptic connection with another nerve cell
95	what is the function of the axon terminals in the synapse
96	what is axon terminals on a nerve
97	which nerve cell makes synaptic connections with another nerve cell and with an effector cell
98	which part of a nerve cell is responsible for making synaptic connections
99	what is the insertion of terminal axons into a nerve fiber called
100	what is dilated cardiomyopathy
101	what causes heart enlarged
102	what is enlarged heart called?
103	which is the cause of enlarged right ventricles of the heart
104	what kind of diseases can cause heart enlargement
105	dilated cardiomyopathy causes
106	what is dilated cardiomyopathy
107	what is cardiomegaly?
108	which type of cardiomyopathy results in an enlarged left ventricle?
109	causes for enlarged heart
110	which side of the heart does blood flow to
111	why lvh is often the cause of blood pressure
112	what is LVH in the heart
113	which side of the heart is affected when blood pressure is too high?
114	why is the left side of the heart enlarged during an enlarged heart
115	what part of the heart is affected by an enlarged heart
116	what side of a heart is enlarged
117	why is the left side of the heart enlarged and what is it called
118	what is left ventricular hypertrophy
119	what is lvh in cardiology
120	diastolic hypertension causes
121	which of the following causes diastolic dysfunction in cardiac patients?
122	causes for diastolic dysfunction
123	causes of low diastolic
124	what is the most common cause of diastolic failure for an elderly man?
125	what is cause of diastolic failure
126	causes for hypertension
127	cause of dnf failure
128	what is the primary cause of diastolic dysfunction?
129	causes of diastolic failure
130	causes of left ventricular hypertrophy
131	causes of left ventricular hypertrophy
132	causes of left ventricular hypertrophy
133	causes of left ventricular hypertrophy
134	causes of hypertrophy on a left ventricle
135	causes of left ventricular hypertrophy
136	what causes left ventral hypertrophy
137	causes of left ventricular hypertrophy
138	causes of scapula hypertrophy left ventricular hypertrophy
139	causes of ventricular hypertrophy
140	causes of ventricular hypertrophy
141	causes of hypertensive left ventricular hypertrophy and heart wall enlargement
142	causes of ventricular hypertrophy
143	causes of right ventricular hypertrophy
144	causes of left ventricle hypertrophy
145	causes of hypertrophy in left ventricle
146	cause ventricular hypertrophy
147	how is left ventricular hypertrophy different from right ventricular hypertrophy?
148	causes of right ventricular hypertrophy
149	why is there hypertrophy of the heart
150	average suicide rate for veterans
151	highest suicide rates in the us
152	what is the highest suicide rate
153	suicide rates a year
154	how many people die every year as a result of suicide
155	what is the suicide rate?
156	how many veterans die each year
157	how many suicides a year veterans
158	suicide rate for veterans
159	highest veterans suicide rates
160	causes of suicide in military
161	what is moral injury
162	what is moral injury
163	what is moral injury
164	what is moral injury
165	is moral injury part of psychological problems
166	moral loss causes
167	is moral harm related to ptsd
168	moral injury psychology definition
169	does military have moral problems
170	what are the most common causes of death in the us
171	what is cause of depression in young people who commit suicide
172	causes of death by suicide
173	what is causes of suicide
174	what makes someone die of suicide
175	what can cause one to die by suicide
176	causes of suicide statistics
177	causes of suicide
178	what causes suicide
179	causes of death by suicide
180	what percentage of us troops die every year
181	how suicide rates in the military
182	what percentage of us troops commit suicide
183	how many people die in the army when deployed
184	what is the suicide rate for a us soldier
185	what is the suicide rate of a soldier in the us
186	what percent of soldiers committed suicide
187	how many suicides in us troops
188	what was the suicide rate for us troops
189	how many suicides in us army
190	how much is suicide in military now
191	why did suicide rate increase in the military
192	why does suicides increase
193	why is the suicide rate higher in the military
194	military suicide rate
195	why does suicide rate increase
196	why has the military been killing so many
197	what is the current military suicide rate
198	why military suicide rate has doubled
199	why do suicide rates increase in the military
200	cost to install concrete floor
201	concrete floor installation prices
202	cost concrete floor per foot
203	cost for installing color concrete flooring
204	average cost for color concrete
205	apr floor cost
206	cost of installing a concrete floor
207	what is the price of concrete
208	price for color concrete floor install
209	cost of color cement floor
210	typical cost to install a concrete floor
211	how much to install concrete floors
212	cost to install a concrete floor
213	average price for concrete floor
214	how much does it cost to install concrete floors
215	cost per square foot to concrete floors
216	concrete floor costs per square foot
217	cost to install and concrete floor
218	cost of putting in concrete floors
219	how much would it cost for the concrete floor to be poured
220	concrete flooring per square foot
221	how much concrete floors cost per foot
222	cost to install concrete floors
223	how much does it cost to concrete a house
224	what is the average cost of concrete flooring installed
225	how much will a concrete floor cost
226	how much does concrete flooring cost
227	cost for concrete floor
228	concrete flooring cost per square foot
229	what is the average cost for concrete floors?
230	cost to install concrete floors
231	how much to stain concrete floors
232	concrete floor cost per square foot
233	how much does it cost to stain concrete floor
234	average concrete floor price
235	how much to stain a concrete floor
236	how much does it cost to paint concrete floors
237	average price of concrete
238	cost of concrete flooring
239	how much do stained concrete floors cost
240	cost per square foot to repair a broken tile
241	cost to resurface floor
242	what is the average cost for a resurface
243	how much does it cost to repair cracked and sanded hardwood floor
244	what is the labor cost to repair a broken tile floor?
245	what is the cost of removing floor tiles per square foot?
246	cost to resurface hardwood floors
247	price of flooring
248	cost to resurface a floor
249	how much does it cost to resurface flooring
250	why do you need a declaratory judgment for a claim
251	what is declaratory judgment
252	what is declaratory judgement
253	who declares judgement
254	what is declaratory judgment
255	what is declaratory judgement in court
256	declaratory judgment definition
257	what are declaratory judgements
258	what court is a declaratory judgment
259	what is declaratory judgment in a case
260	what is declare judgement
261	why does a declare judgment have to be enforced
262	what's the difference between declaratory judgment and judgments
263	what is the difference between a declaratory judgment and an enforcement judgment?
264	what is declaratory judgement
265	what is the difference between declaratory judgment and enforced judgment?
266	define declaratory judgement
267	authoritative opinion about a legal matter and is not enforced
268	does declaratory judgement provide enforcement
269	what is declaratory judgment?
270	declaratory judgment definition
271	declaratory judgment definition
272	definition declaratory judgment
273	what is declaratory judgement
274	declaratory judgment definition
275	declaration definition
276	what is declaratory judgment
277	what is the meaning of declaratory judgment?
278	declaratory judgment meaning
279	what is declaratory judgements mean
280	a declaratory judgement a judgement
281	what is meant by declaratory judgment in a court of law
282	declaratory judgment definition
283	declaratory judgment definition
284	what is the meaning of declaratory judgment
285	declaratory judgment
286	declaratory judgement definition
287	define declaratory judgment
288	what is the difference between a declaratory judgement and an indictable judgment
289	declaratory judgment meaning
290	define declaratory judgment
291	what is the difference between declaratory judgment and judgement
292	declaratory judgment definition
293	what is declaration of judgment
294	what is declaratory judgment
295	what is declaratory judgement
296	declaratory judgement definition
297	declaratory judgments definition
298	what is declaratory judgement?
299	definition declaratory judgement
300	what is weather like for the day
301	weather forecast for the day
302	what is the weather for the day?
303	how long can lightning strike in a certain weather zone
304	how many hours can lightning strike a city in the morning
305	how many hours of lightning strikes
306	what is the weather forecast for a particular area?
307	what's weather in miami
308	what is the weather forecast for airmet
309	what is the weather on airmet
310	what is a airmet
311	when are segmets issued for the weather
312	what is a airmet
313	what is a airmets
314	why use airmets
315	what is sigmet
316	when are segmets issued
317	what are airmets issued for?
318	why is a sigmet issued
319	what is the purpose of airmets
320	tornado forecast in usa
321	who is the storm prediction center?
322	when do tornado watches end
323	what is forecasting for tornadoes
324	what is severe thunderstorm forecasting
325	tornado watch duration
326	which forecast center is responsible for the forecast of thunderstorms in the united states?
327	what is the tornado warning
328	tornado watch hours weather
329	what is forecasting tornado
330	sigmet definitions
331	convective sigmet definition
332	define convective sigmet in aviation
333	what is convective sigmet
334	convective signet
335	what is a consimet
336	what is sigmet aviation
337	what is the convective symbole
338	convective sigmet
339	what is simet aviation
340	what is sigmets
341	define sigmet
342	what is sigmets
343	sigmet definition
344	definition of sigmet
345	definition of sigmet
346	what's a sigmet?
347	what is sigmet
348	what does sigmet stand for?
349	what is the weather alert
350	what is the difference between a mcdouble and a mcdouble
351	is double cheese burger american
352	what kind of cheese is double cheeseburger
353	what is double cheese burger
354	what is double cheeseburger
355	what is double cheeseburger
356	is double cheeseburger the same with double cheeseburger?
357	what is in a double cheeseburger
358	what cheese in mcdonalds double cheeseburger
359	what is double cheeseburger
360	how much money is a mcdonalds dollar
361	how much is a mcdonald's dollar
362	what's in the same mcdonald's dollar menu
363	what is the price in a mcdonald's dollar
364	how much does a mcdonald's double cheeseburger cost
365	what is mcdonalds dollar menu items
366	is a double cheeseburger the same as a mcdonald's hamburger
367	is it mcdonald's dollar or mcdouble for $1
368	cost of mcdonalds dollar menu items
369	how much to buy mcdonald's dollars burger
370	price of double cheesburger
371	what's the price of a double cheesburger at mcdonalds
372	double cheeseburger cost
373	is double cheesburger worth the price
374	what is full price double cheeseburger
375	how much is a double cheesburger at mcdonald's
376	what is the price of double cheeseburger mcdonalds
377	cost of mcdonalds double cheeseburger
378	price to order double cheesburger
379	what is the price of a double cheeseburger at mcdonalds
380	difference between a mcdouble and double cheeseburger
381	what the difference between double and mcdouble cheeseburger
382	what's a double cheeseburger?
383	what is difference between double burger and mcdouble
384	how many pieces of cheese are in the double burger mcdouble
385	what is the difference between a double cheeseburger and a mcdouble
386	what cheese comes on double cheeseburger
387	what is the difference between an mcdouble and a double burger
388	what is the difference between a double cheeseburger and a mcdouble
389	double cheeseburger sandwich
390	how much is a double cheeseburger on dollar menu
391	dollar menu price double cheese Bowls
392	how much is a dollar cheeseburger
393	what is the menu at dollar bill
394	what's the cost of a dollar double cheeseburger
395	dollars menu cheeseburger
396	what is dollar double cheeseburger
397	whats the price for a cheeseburger at dollar
398	dollar menu cheeseburgers
399	what is double cheeseburger at dollar
400	what is the difference between rn and adn
401	does rn become a doctoral
402	what is the difference between rn and adn
403	what is a rn degree
404	what is rn/adn?
405	what is the difference between a rn and an asn license
406	what is rn license
407	what is the difference between an rn and an asn?
408	what is difference between an rn and an adn
409	what is the difference between rn and adn
410	what is the difference between a rn and a bsn
411	whats the difference between rn & bsn?
412	what's the difference between the rn and nursing assistant
413	the difference between rn and bsn
414	difference between rn and bsn
415	what is the difference between rn and bsn
416	difference between rn and bsn
417	difference between RN & bsn
418	what is the difference between rn and bsn
419	difference between an rn and bsn
420	can i become an rn as a bsn
421	difference between rn and asn
422	do a bsn and asn graduate the same
423	what is the difference between asn and bsn
424	what the difference between rn and bsn
425	what is the difference between an asn and a bsn
426	does the rn do the same as the asn
427	what is the difference between asn & bsn
428	can you have bsn with asn
429	what is the difference between absn and asn
430	what is the bsn degree in nursing
431	what type of job can you get with a bsn
432	what is an rn with a bsn degree called?
433	can you get your bsn degree in nursing
434	what jobs can you get with a bsn
435	rn who have bsn
436	why bsn rn
437	what is an bsn
438	why do nurse assistants need a bsn degree
439	which job would require a bsn
440	what is the difference between rn and rn lpn
441	how many years of college to be a nurse
442	what kind of license do i need to be an anesthetist
443	what is rn nurse
444	how long should you study to become a nurse
445	what do registered nurses do
446	what's the difference between rn and rn assistant
447	what is a crna nurse
448	what is rn and bsn for a nurse
449	what is the difference between rn and lpn
450	how big do goldfish grow
451	how big do goldfish get
452	how to grow a goldfish
453	how big does fancy goldfish get
454	what is the average body length of a goldfish
455	how big does a goldfish get
456	when do goldfish grow
457	how big can goldfish grow
458	what is the size of a goldfish
459	how large does a goldfish get
460	how long does goldfish live
461	how long can a goldfish live
462	how long can goldfish live
463	how big do goldfish grow to
464	how long do goldfish survive in a fish tank
465	how long will goldfish live
466	how long can goldfish live
467	how long do goldfish live
468	how long can a goldfish live on average
469	how long can goldfish live in a water
470	how big does a shubunkin gold fish grow
471	shubunkin goldfish how big can they get
472	how big can a goldfish grow
473	how big do shubunkin goldfish grow
474	how big do shubunkin goldfish get
475	how big can shubunkin goldfish grow
476	how big should a shubunkin goldfish get
477	how big do shubunkin goldfish grow
478	how much water should a goldfish drink
479	what size sumokin goldfish
480	how big does a goldfish live in a pond
481	how big can a shubunkin goldfish grow?
482	how long does it take for a shubunkin goldfish to grow
483	how much liquid should neep goldfish take
484	how much water does shubunkin goldfish need for life
485	how tall should a shubunkin goldfish grow
486	how much water does the shubunkin goldfish need for swimming
487	how big do shubunkin goldfish get
488	how many gallons for shubunkin goldfish
489	what is the average size of a goldfish
490	how much water does a shubunkin need
491	how big does a shubunkin goldfish get
492	how big can you grow a goldfish
493	how much water do goldfish need to eat
494	how much water does a shubunkin goldfish need
495	how many gallons of water for a goldfish
496	how much water does a shubunkin goldfish need to drink a day
497	how much water do goldfish need
498	how much water do goldfish need
499	what water does a shubunkin goldfish need to grow
500	what bacteria causes legionnaires disease
501	what type of bacteria causes legionnaires disease
502	legionnaires disease is caused by inhaling water contaminated with ________ bacteria
503	what is legionnaires disease a form of pneumonia
504	what is legionnaires disease caused by
505	what bacteria causes legionnaires' disease
506	what kind of bacteria causes legionnaires disease
507	why does legionnaires disease cause pneumonia
508	what are Legionnaires disease causes
509	which bacteria causes legionnaires disease
510	atypical pathogens pneumonia
511	what is pneumonia infection
512	which pneumonia pathogen is the same as mycoplasma pneumoniae?
513	what is the typical pneumonia pathogen
514	is pneumonia atypical or common
515	types of atypical pneumonia bacteria
516	what is the treatment for mycoplasma pneumonia
517	what is an atypical organism
518	what is atypical infection
519	atypical organisms definition cdc
520	what is legionnaires disease
521	how do legionnaires cause pneumonia
522	what is legionnaires disease
523	can legionnaires disease cause headaches
524	what is legionnaires disease
525	what is legionnaire's disease
526	what type of disease is legionnaires
527	which organism is responsible for legionnaires disease
528	what is legionnaires disease
529	what causes legionnaires disease
530	what is legionnaires disease
531	what is legionnaires' disease
532	what is legionnaires disease
533	who causes the Legionnaires disease
534	where does legionnaires' disease occur
535	which bacteria causes the death of a group of citizens if buried in a potable water system and contaminated with a blood test for Legionnaires' disease?
536	what is legionnaires disease
537	what is the cause of legionnaires' disease?
538	what disease is a sign of pneumonia?
539	what is legionnaires disease
540	what is legionnaires disease in medical terms
541	what pneumonia causes legionnaires disease
542	what is legionnaires disease?
543	what does the word legionnaires disease mean
544	what is legionnaires
545	legionnaires disease causes
546	what is legionnaires disease
547	is legionnaires disease contagious
548	what is legionnaires disease
549	what is legionnaires disease
550	what's a monotonic function
551	what is monotonic
552	definition monotonic function
553	definition of a monotonic function
554	monotonic functions
555	meaning of monotony
556	what is a monotonic function
557	what is the meaning of monotonic?
558	definition of monotonic function
559	definition of monotonic function
560	definition for monotonic function
561	definition of monotonic function in math
562	what is the monotonic function
563	what is a monotonic function
564	what is the meaning of monotonically increasing?
565	meaning of monotonic function
566	what is the definition of monotonic and monotonic
567	what is the definition of a monotonic function
568	what's a monotonic function
569	what is the difference between a monotonic number and an exponential number?
570	what is the monotonically increasing of a sequence of numbers
571	why is monotonically increasing in math
572	what is a monotonically increasing math sequence
573	how to show how monotonically increasing in excel
574	how do you find the monotonically increasing number of real numbers in a sentence
575	which of the following is an example of a sequence of monotonically increasing numbers
576	example of monotonically increasing real numbers
577	what is rudin's principle of mathematical analysis
578	how to show the difference between monotonically increasing and decreasing
579	definition of monotonically expanding
580	which function is monotonic
581	what is a monotonic function
582	what types of function are characterized by linear algebra
583	define monotonic function
584	what are monotonic functions in math
585	monotonic function definition
586	what is the monotonic function
587	what is a monotonic function
588	which monotonic function maintains the straight line in a linear programming graph?
589	what is monotonic function
590	what is monotonic transformation?
591	function definition algebra p
592	what is the algebra of monotonic transformation
593	what is the difference between a monotonic transformation and linear transformation
594	what does monotonic transformation mean
595	what is monotonic transformation
596	what is the monotonic transformation of a function?
597	what is the monotonic transformation example
598	what is monotonic transformation in math
599	what's the meaning of monotonic transformation
600	what are the sequences between rna and rna exons called?
601	which sequence can be removed from rna
602	why are the introns removed during splicing?
603	what is the process by which rna introns are removed
604	what process removes the introns
605	what part of the cell is involved with splicing
606	when is introns removed from rna quizlet
607	what is removing introns
608	what are introns?
609	which of the following are the sequences remaining after splicing?
610	genes definition
611	what is the definition of gene
612	gene dna definition
613	what is the definition of gene?
614	gene definition biology
615	gene definition biology
616	what is gene
617	gene definition biology
618	dna genetics definition gene
619	gene definition biology
620	what is the exon in a gene
621	what is exon?
622	what is the definition of exon
623	define exon
624	exon gene definition
625	define exonRA
626	what is the exons
627	define exon
628	what is an exon quizlet
629	what do exons mean
630	what is the definition of exon
631	what is exon
632	where is the exon located on dna
633	define exons
634	what is the definition of exon
635	what is the definition of exon
636	define exon
637	what is the exon
638	what is the definition of exon
639	what is the definition of exon?
640	which part of the dna is used to make protein
641	which sequence of dna is used to make mrna?
642	which base sequence in dna is used in making an mrna?
643	what makes up mrna
644	what is the base sequence that appears in dna and which is used to make mrna?
645	what is base sequence used for in dna
646	where are base sequences used for
647	which base sequences are commonly used to make mrna?
648	which dna sequence makes amino acids
649	what is the purpose of base sequences in dna
650	largest white shark in the world
651	where are most of the sharks caught?
652	how big is the biggest white shark in the world
653	biggest shark ever caught in the world
654	what is the biggest shark ever caught?
655	where are the largest sharks located
656	how many different types of sharks are there
657	largest white shark ever caught
658	which shark has the largest body weight
659	what is the largest fish ever spotted in water
660	what temperature does a salmon shark swim
661	what is the temperature of a salmon shark
662	what is the body temperature of a salmon shark?
663	what temperature does salmon sharks have
664	what is the average temperature of a salmon shark?
665	what is the body temperature of a salmon shark
666	what is the temperature of a salmon shark
667	what is the body temperature of a salmon shark
668	what is the temperature on a salmon shark
669	what is the warmest shark
670	do great white sharks hunt sea lions
671	what sharks are cold blooded
672	what type of sharks hunt sea lions
673	what kind of sharks hunt sea lions
674	what kind of sharks hunt sea lions
675	which type of sharks can go cold blooded
676	what temperature do sharks have to be to be cold blooded
677	what kind of sharks do sea lions
678	what kind of sharks hunt sea lions
679	what sharks will hunt sea lions
680	what is the temperature of a porbeagle
681	what is the body temperature of a porcupine
682	at what temp does a porbeagle swim
683	how much water temperature does a porbeagle need
684	how hot can a porbeagle run
685	what is the internal temperature of a porbeagle
686	at what temperature do porcupine eat
687	how is the water temp in the water
688	what temperature does a porbeagle swim in
689	what is water temperature for a porbeagle
690	what type of body systems do white sharks have?
691	how many degrees is it for a shark to swim
692	which type of shark system do i belong to
693	which body system protects sharks
694	how is the cooling system of a shark unique
695	what is white sharks unique system
696	what is the purpose of sharks body
697	what is the unique feature of the shark?
698	how do sharks maintain heat and water temp
699	what does the lorenzini ring do in sharks
700	how long do fleas live
701	how long do fleas live
702	how long does fleas live for
703	when can a flea live
704	how long do fleas live
705	how long does a flea live
706	what is the average life expectancy of fleas?
707	what time fleas live
708	how long does fleas live
709	how long do fleas live
710	how long does fleas live
711	how long does a flea live?
712	how long does a flea live
713	how long are fleas good for
714	how long does fleas live on the human body
715	how long can fleas live without food
716	how long does it take for fleas to eat
717	how long does a flea live
718	how long does a flea live
719	how long do fleas live
720	fleas how long do they live
721	how long does flea live for
722	how long will fleas live
723	how long does fleas live without a host
724	how long does an adult flea last
725	how long can fleas live
726	how long do fleas live without food
727	how long do fleas live
728	how long does a flea live
729	how long to fleas live
730	how long do cat fleas eggs and eggs live
731	what is the life cycle of a kitten flea,
732	what is the life cycle of a cat flea?
733	what is the life span of cat fleas
734	how long is the life cycle of fleas in cats?
735	what is the life cycle of cats fleas?
736	how is cat fleas life cycle
737	how long does cat fleas live
738	what is the cat fleas life cycle
739	what is the life cycle of a cat flea
740	how long for flea eggs to hatch
741	how long does it take for flea larvae to grow
742	how long does fleas take to hatch
743	how long does it take for flea larvae to hatch
744	how long does a flea molt
745	how long does a flea molt last
746	what is the lifespan of an adult flea
747	how long does fleas last on pets
748	how long does flea eggs take to hatch
749	how long for flea eggs to hatch?
750	what is the median of a trapezoid
751	what is the median of the trapezoid
752	what is the median
753	what is the median in a trapezoid
754	which of these is also referred to as the median?
755	what is the median of a trapezoid
756	what is the average of the two bases on a trapezoid
757	which of the following is the median of the trapezoid?
758	what is the median of a trapezoid?
759	what is the median in trapezoids
760	what is a midsegment of a trapezoid and what would it look like?
761	where is midseg vieillet?
762	definition of midsegment
763	where is the midsegment of the trapezian foot
764	where are the midscales of the trapezoids
765	what is the midsegment
766	which of the following is also called the midsegment?
767	midsegment definition in anatomy
768	what is midsegment in trapezoid
769	what is the midsegment of a trapezoid
770	what is the midsegment in a trapezoid?
771	which part does the midsegment of a trapezoid connect
772	what is the segment between midpoints in a trapezoid
773	what is the segment that connects the midpoints of the legs on a trapezoid called
774	the segment that connects the midpoints of the legs of a trapezoid is called the
775	how long is midsegments in a trapezoid
776	what is the midsegment in a trapezoid
777	what is the segment that connects the midpoints of the legs of a trapezoid?
778	what is the midsegment of the trapezoids called
779	what is the mid segments of the trapezoid?
780	why is the midsegment of a trapezoid called a midline
781	what is the midsegment called in trapezoid
782	which segment is parallel to the midpoints of the trapezoid
783	what is the midsegment of trapezoids
784	what is the midsegment of a trapezoid
785	what is the midsegment
786	what is the midline of a trapezoid
787	what is midsegment of trapezoid
788	where is midsegment
789	what is the midsegment of a trapezoid
790	what is mid segment of a trapezoid
791	what is the difference between mid and mid segments of trapezoids
792	what is the mid segment m of a trapezoid?
793	what is the mid of a trapezoid
794	midpoint lucky trapezoid math
795	what is the midpoint in a trapezoid
796	what is the mid segment of the triangle acd
797	what is mp in a trapezoid
798	what is mid segment a triangle
799	what is mid segment of a trapezoid
800	what terminal is charles de gaulle airport
801	paris airport terminal number
802	which paris airport has the most passengers
803	what terminal is paris airport
804	what is the airport in paris
805	where is cdg airport
806	what terminal at cdg is the paris airport
807	where is paris airport located
808	where is cdg airport?
809	what terminal is cdg airport in paris
810	which airport code is cdg
811	what is charles de gaulle airport
812	what is charles de gaulle airport code
813	what airport code is cdg
814	what is the airport code for parisian
815	what is paris airport code
816	which airport code is cdg
817	what is the cdg airport in paris france
818	what is the cdg airport code
819	what is the airport code for paris france
820	what is charles de gaulle airport code
821	what is cdg airport code
822	who is the airport code for paris airport
823	where is the cdg code
824	what airport code is cdg
825	what icao code is cdg
826	what is the cdg code?
827	what is the icao code for charles de gaulle international airport?
828	what is the cdg code on a flight
829	what is cdg airport code
830	what is charles de gaulle airport in france
831	what airport for charles de gaulle in france
832	where is charles de gaulle airport in france
833	what is the paris airport?
834	what is Besch√§ftigung airport name
835	what is the main international airport in paris france
836	is paris airport cdg
837	where is charles de gaulle airport
838	largest airport in france
839	where is charles de gaulle airport
840	what is the name of paris airport
841	where is charles de gaulle airport?
842	what is cdg
843	where is paris cdg airport
844	what is charles de gaulle airport
845	largest airport in france
846	how is paris charles de gaulle airport named
847	what is the paris airport?
848	is cdg airport in paris
849	what is paris' airport code code
850	what is the code for psychiatric hold
851	when you hold someone for psychiatric treatment
852	how long is a medical hold for psychiatric patient for a week
853	when are psychiatric patients held for treatment in california
854	how long do you have to be on an involuntary hold psychiatric
855	when a patient is involuntary held for what reason?
856	what is the cdw code for mental health holdings
857	is a psychiatric hold involuntary
858	what severance laws apply to psychiatric patients
859	what is the involuntary hold section of the welfare and institution code?
860	lps definition
861	what is the lanterman pe Zusammen act
862	what section does lps mean
863	what is lanterman petris short act
864	what is the lic section
865	what is the lanterman-petris short act
866	what is lps section
867	what is lps code
868	california state laws regarding petris short act
869	what is the section 5150
870	how long to wait to go to a psychiatric hospital in california
871	what is psychiatric hold code
872	psychiatric hold definition
873	what is section 5260
874	what is the psychiatric hold in california?
875	what is section 5260
876	what is psychiatric hold
877	what is the definition of hold
878	psychiatric hold definition
879	who is psychiatric hold
880	when did ronald reagan become governor of california
881	what year did reagan assume the governorship
882	when was hospitalization abolished by the governor of california
883	when was the lps act passed in california
884	when did the lps act take place
885	what was the lps act?
886	when did reagan take office?
887	when was lanterman-petris short repealed
888	when did reagan assume governorship in california
889	when did reagan run for california governor
890	what is a conservatorship of a mentally ill person called
891	conservatorships are responsible for
892	can someone be conservator for a mental disorder lps
893	what are conservatorships
894	who is the conservator for a mental illness
895	what is conservatorship of mental health
896	what is conservatorship mental health
897	conservatorship definition
898	who is the conservator
899	conservatorship definition of lps
900	cpap meaning
901	what cpap is used by
902	why are cpap's used
903	what is cpap medical definition
904	what is used with cpap
905	what is a cpap machine
906	what is cpap used for
907	what is cpap?
908	what machine do they use to open mouth
909	what is cpap used for in surgery
910	where is your cpap machine
911	what is cpap used for
912	how is cpap machine works
913	what is the difference between cpap and cpap air
914	what is cpap
915	what is the main function of a cpap machine
916	what is the cpap machine
917	what's the difference between a cpap machine and a cpap mask
918	what is the name of the mask that you wear on top of your cpap
919	how is the cpap machine used
920	what is cpap used for at home
921	what type of mask is used during a sleep cpap
922	does a cpap machine work
923	which machine uses a nose mask
924	when to use cpap machine
925	what is the difference between ncpap and sleep cpap
926	what type of cpap do you use for sleep
927	does a cpap machine work during sleep
928	what type of mask do you use with cpap
929	can you do cpap while sleeping
930	what types of masks are used for sleep apnea machines
931	types of sleep apnea machines
932	what kind of mask for sleep apnea
933	different types of sleep apnestage masks
934	what types of masks are there for sleep apnea
935	types of sleep apnea machines
936	types of sleep apnea therapy
937	different machines for sleep apnea
938	what type of machines are used for sleep apnea
939	different types of sleep apnea machines
940	what is a sleep mask
941	what is cpap mask
942	what is a sleep mask
943	definition of cpap
944	what is cpap
945	what is cpap
946	what is a cpap mask
947	what is the name of the machine worn by the sleep apnea therapist
948	what is the definition of cpap?
949	definition cpap
950	causes for pain on right side right side abdomen
951	what causes lower right abdomen pain
952	what is right upper side pain
953	what is it called when you have pain on the upper right side of your stomach
954	what is the cause of right upper abdomen pain
955	what is right upper side pain on right side abdomen
956	causes for right side pain in abdomen
957	what are some causes of lower right abdominal pain?
958	what is lower right abdomen pain
959	what is the cause of pain in the right side of the stomach
960	what would cause lower abdomen pain
961	what causes pain on your lower right abdominal area
962	causes abdominal pain in both right and left stomach
963	what is the cause of pain in the lower abdominal area
964	what's wrong with right lower abdominal muscle pain
965	what would cause pain in the right abdomen
966	what causes lower abdominal pain
967	causes of upper abdominal pain
968	where is lower abdomen located
969	causes of pain on right side of abdomen
970	causes abdominal pain on right side
971	what is the cause of right side abdominal pain
972	where is your right side abdominal pain located?
973	where is your right abdomen pain located
974	where to start feeling left side pain
975	where does the right side pain originate
976	what is the cause of pain on right side of stomach
977	where is the pain on my right side on left side
978	what makes your abdominal pain worse when you have surgery
979	where is pain in your right abdomen
980	why do you have sharp pain in the lower right abdomen
981	what is the sharp pain in your lower right abdomen
982	what causes pain in the abdomen right side
983	why pain in right stomach causes
984	what causes pain in the right side of the stomach
985	what is the causes of sharp abdominal pain
986	what causes sharp pain down right side?
987	what organ causes sharp pain on the left tummy
988	causes of right upper stomach pain
989	what causes sharp pain down right side of stomach
990	what would cause lower right abdominal pain
991	causes for lower right abdominal pain
992	causes of right lower right abdominal area pain
993	what causes lower abdominal pain and cramping
994	what would cause lower right abdominal pain?
995	right lower abdominal pain symptoms
996	where would you feel pain in your lower right abdominal area
997	what is pain in right lower abdominal area?
998	where does the pain from lower right abdominal go
999	causes of lower right abdominal pain
1000	what is rsa used for
1001	what is rsa encryption algorithm
1002	what is rsa algorithm
1003	what is the purpose or purpose of rsa cisco
1004	what is rsa
1005	what is rsa encryption
1006	who developed rsa encryption
1007	who created public key encryption algorithm
1008	what is rsa algorithm
1009	what is rsa key algorithm
1010	what is rsa algorithm
1011	who invented rsa algorithm
1012	what is the purpose of rsa algorithm
1013	who created rsa algorithm
1014	who invented the algorithm rsa
1015	who invented the algorithm rsa
1016	what is rsa algorithm
1017	when and where was the rsa algorithm discovered
1018	effective rsa algorithm
1019	what is the rsa algorithm used for
1020	what is rsa
1021	what is the rsa
1022	when was rsa invented
1023	who created rsa
1024	what is rsa crypto
1025	what is rsa?
1026	what is rsa
1027	rsa is what
1028	what is rsa?
1029	what is the rsa
1030	what is the rsa number
1031	rsa number definition
1032	is rsa a cryptosystem
1033	what is rsa
1034	what is rsa
1035	what is the rsa cryptosystem
1036	what is rsa rssi
1037	what is the definition of rsa security
1038	rsa definition in computer science
1039	what is rsa cryptosystem
1040	what is rsa
1041	what is rsa for ipsec
1042	what is rsa
1043	what is rsa
1044	what is rsa ikey
1045	what is rsa used for
1046	what's the secret key?
1047	what is rsa used for in cisco routers
1048	what is ike used for
1049	what is rsa encryption
1050	what is pseudobulbar palsy
1051	pseudobulbar palsy symptoms and treatments
1052	what is pseudobulbar palsy
1053	pseudobulbar palsy causes
1054	pseudobulbar palsy causes & symptoms
1055	pseudobulbar palsy symptoms and treatments
1056	pseudobulbar palsy causes
1057	what is pseudobulbar palsy?
1058	pseudobulbar palsy definition
1059	pseudobulbar palsy causes
1060	define dysarthria
1061	what is dysarthria
1062	what is speech dysarthria
1063	what causes dysarthria
1064	what is dysarthria
1065	causes of dysarthria in adults
1066	which term describes the movement of the lips?
1067	is dysarthria a motor movement disorder?
1068	which speech disorders cause speech to be delayed
1069	what is dysarthria
1070	what is dysarthria
1071	what is dysarthria
1072	causes for dysarthria
1073	what causes dysarthria
1074	why does dysarthria develop
1075	define dysarthria
1076	what is dysarthria
1077	what is dysarthria
1078	definition dysarthria
1079	dysarthria is caused by
1080	dysarthria symptoms
1081	dysarthria symptoms and symptoms
1082	symptoms dysarthria
1083	dysarthria symptoms and treatment
1084	symptoms of dysarthria of the brain
1085	symptoms of dysarthria a symptom of dysarthria
1086	causes of slurred speech
1087	define dysarthria symptoms
1088	dysarthria symptoms
1089	symptoms of dysarthria
1090	what is dyspraxia of speech
1091	causes of speech dyspraxia
1092	what causes speech paralysis
1093	what is dyspraxia
1094	causes of speech paralysis
1095	definition of dyspraxia
1096	causes of developmental language problems
1097	causes of speech in children
1098	causes of speech dyspraxia in babies
1099	what is the cause of developmental dyspraxia
1100	what are the primary determinants of health
1101	which of these is a determinant of health?
1102	what is a major health determinant
1103	what are the health determinants
1104	what are health determinants
1105	which is a major determinant of the health of a society?
1106	_____ are the three determinants of health in a population.
1107	which is a determinant of human health
1108	what are determinants of human health
1109	what are the health determinants
1110	define social determinants
1111	what's social determinant of health
1112	social determinants of health definition
1113	what are social and health determinants
1114	what is the social determinants of health
1115	what is social determinant
1116	what is the definition of sociological determinants of health?
1117	what are the social determinants of health
1118	definition of factors that impact health for an individual
1119	what are social determinants of health?
1120	which world organization defined the social determinants of health as the conditions in which people are born, grow, live, work, age and
1121	what is determinants of health
1122	what is the social determinants
1123	what is the social determinants of health
1124	what are social determinants of health
1125	who social determinants
1126	social determinants of health definition
1127	what is social determinant of health
1128	who determinants definition
1129	who defines health determinants
1130	what are the factors that contribute to the health of the population
1131	what are socioeconomic determinants of health
1132	social determinants health definition
1133	what is social determinants
1134	why is social determinants important
1135	why are socio economic determinants of health important
1136	what are the determinants of healthy populations
1137	which of these are determinants of social health?
1138	what social determinants of health do not affect health outcomes.
1139	what is social determinants
1140	what are social determinants of health
1141	what is social determinants of health wikipedia
1142	what are determinants of health
1143	what are social determinants of health
1144	what is the social determinants of health
1145	what are the social determinants of health
1146	social determinants of health definition
1147	social determinants of health definition
1148	which factors are directly affected by social determinants of health
1149	why are social determinants important
1150	what type of food do they have in switzerland
1151	what is switzerland famous for
1152	what does switzerland have
1153	what kind of food do the swiss people eat
1154	what kind of food do they eat in switzerland
1155	what kind of food does switzerland eat
1156	what kind of food do swiss people eat
1157	what kind of food do you eat in switzerland
1158	what do they eat in switzerland
1159	what do they eat in switzerland
1160	what kind of food do they eat in switzerland
1161	what is switzerland known for
1162	what is switzerland known for
1163	what is Switzerland known for eating
1164	what is swiss food like
1165	what kind of food does switzerland produce
1166	what kind of cheese do they produce in switzerland
1167	what type of food does switzerland produce
1168	what is swiss food famous for
1169	what kind of food has switzerland
1170	what is switzerland most known for?
1171	what is switzerland known for
1172	what kind of cheese is in switzerland
1173	what foods are switzerland known for
1174	what kind of meats is switzerland famous for
1175	what is switzerland famous for
1176	what food is switzerland famous for
1177	what is switzerland known for
1178	what is switzerland famous for
1179	what is switzerland known for
1180	what are swiss raclettes?
1181	what is swiss food
1182	what kind of food is in switzerland
1183	what types of swiss foods are there?
1184	different types of food in switzerland
1185	what is the main food called in a swiss city
1186	what is swiss food
1187	what kind of food is made in the swiss culture
1188	what food is swiss
1189	different types of food in switzerland
1190	what type of food in switzerland
1191	what food is switzerland known for
1192	what kind of food do switzerland straighten
1193	what is the food in switzerland like
1194	where is switzerland
1195	what is the switzerland's food
1196	what is the cuisine in switzerland
1197	what is switzerland known for
1198	what is switzerland like?
1199	what type of food in switzerland
1200	what is theraderm products
1201	where is theraderm located
1202	what is theraderm
1203	who makes theraderm
1204	what is theraderm
1205	what brand is reversion skin cream
1206	where is theraderm
1207	where is theraderm located
1208	where is theraderm located at
1209	which company makes theraderm
1210	what is lanolin used for
1211	what is theraderm
1212	what is theraderm
1213	what is theraderm
1214	what is theraderm used for
1215	what ingredients in theraderm
1216	what is theraderm?
1217	what is theraderm used for skin care
1218	what is theraderm used for
1219	what ingredients are used in drederm
1220	theraderm skin renewal system how many products
1221	what is theraderm skin renewal system
1222	what is theraderm skin renewal system
1223	what is theraderm system
1224	what skin renewal treatment works
1225	what is theraderm skincare system
1226	what is theraderm skin renewal system
1227	what is theraderm system
1228	what does theraderm treat
1229	what is theraderm skin rejuvenate
1230	what temperature for boneless shoulder meat tbsp
1231	what is the perfect temp for a pork shoulder
1232	what temperature to cook roast pork shoulder
1233	what temperature to cook pork shoulder
1234	what temperature pork shoulder
1235	how long does it take to cook a pork shoulder
1236	what temperature does pork shoulder need to be done
1237	what temperature to cook pork shoulder medium rare
1238	temperature for roast pork shoulder
1239	what temperature should pork shoulder be cooked
1240	what temperature do hard boiled eggs have to be
1241	what temp do you boiled eggs
1242	what temperature should an egg be hard boiled
1243	what is the ideal temperature for a sous-vide egg
1244	what temperature to boiled eggs be served
1245	what temp to bake an egg
1246	what temperature for hard boiled egg
1247	what temperature is the perfect time to eat hard boiled eggs
1248	at what temperature do you hard boil an egg
1249	what temp do hard boiled eggs have to be
1250	what can you keep in a cooler
1251	can you sous vide steaks at home
1252	when to sous vide steak
1253	how to prepare steak for sous vide
1254	what to cook in a sub vide cooler
1255	how do you sous vide steak
1256	what to serve on a cooler
1257	when you pour steak into a cooler will you be able to sous vide
1258	what foods can you sous vide
1259	what to do with a cooler
1260	what temperature is beef sous vide cooked to
1261	how long to sous vide steak
1262	how long to sous-vide beef?
1263	what temperature is sous vide steak safe
1264	how long does it take cook a beef cut in sous vide
1265	what temperature is beef good for sous vide
1266	at what temperature should the fda test for sous vide beef
1267	what temperature can you sous vide beef
1268	temp for sous vide beef
1269	what temp should you steam beef for sous vide
1270	what temp do you cook a soft boiled egg in
1271	what temperature do you cook an egg
1272	what temperature to hard boil an egg
1273	what temperature to cook eggs on stove top
1274	what temperature is a soft boiled egg good if refrigerated
1275	what temp for hard boiled egg
1276	what temperature do ox eggs need to be
1277	what temperature do you preheat boiled eggs
1278	what temperature do you cook a soft boiled egg at
1279	what temperature do you cook an egg at
1280	william booth founder
1281	william booth who fought in the salvation army
1282	who was william booth
1283	who was william booth
1284	did william booth have an infant in the salvation army
1285	what was william booth's name
1286	who was william booth
1287	who was william booth
1288	who was william booth
1289	when was william booth born and was born
1290	who was william booth and what did he do
1291	what was william Messiah's name when he created the salvation army
1292	who was william booth
1293	who was william booth
1294	who is william booth
1295	who was william booth
1296	when did william booth start the salvation army
1297	when was william booth born and died
1298	who was william booth
1299	what were william booth's accomplishments
1300	who was william booth
1301	who founded salvation army
1302	who was william booth
1303	what type of preacher was william boothcalming
1304	when did william booth become the first general
1305	who was william booth
1306	who was william booth
1307	who started the salvation army
1308	william booth who started the salvation army
1309	which preacher established the salvation army
1310	who founded salvation army
1311	what was the first year the salvation army began
1312	what year did the salvation army start
1313	what did the salvation army do
1314	when did the salvation army begin
1315	when did salvation army start
1316	when did the salvation army start
1317	when did the salvation army start
1318	how does the salvation army started
1319	how did the salvation army begin
1320	when was william booth established in london
1321	when did william booth go to london to preach the gospel
1322	who became a evangelist
1323	why was william booth involved with the salvation army
1324	who was william booth and why was he successful in evangelism for the poor at home
1325	what was william booth's purpose in the salvation army
1326	when was william booth the first salvation
1327	where did william booth evangelize
1328	what did william booth do
1329	what was the gospel of william booth
1330	who discovered columbia river
1331	where the columbia river is called today
1332	who discovered the columbia river
1333	what was the name of the river that was discovered in may 1792
1334	who discovered columbia river
1335	why was the columbia river named after robert grey
1336	who discovered the columbia river
1337	who discovered the columbia river
1338	when did gray discover the columbia river
1339	when was columbia river named after robert gray
1340	who was the first person to travel on the atlantic ocean?
1341	where in the ocean is the atlantic
1342	what was the first ship to circumnavigate the globe based on?
1343	who was the first person to circumnavigate the globe
1344	who was the first explorer
1345	who was robert gray
1346	who was the first captain of the united states to explore the arctic
1347	who was the first u.s. ship to circumnavigate the globe
1348	who was colonel robert gray
1349	what year did gray explorers first sail across the globe
1350	what colonial river was first discovered in the united states
1351	where was the columbia river named after a ship
1352	who discovered the emerald river
1353	which was the name of a river discovered by the lewis and clark expedition?
1354	who discovered the columbia river
1355	where did the columbia river originate
1356	where did lewis and clark discover the columbia
1357	who discovered the river columbia
1358	when did the colonial river become the us
1359	how did the columbia river first start
1360	where did brit co get its name
1361	what is the name of the bc
1362	what province is bc
1363	what is the province of columbia
1364	what province is columbia located in canada
1365	why is british columbia called bc?
1366	what is the origin of british columbia name
1367	is bc on the eagle or bc
1368	what is the bc
1369	where is british columbia located in canada
1370	where is columbia nc
1371	where is columbia
1372	who was the third state in the united states
1373	what is the state of columbia located
1374	when was columbia admitted as a state
1375	where is columbia california
1376	what was a state in the northwest
1377	when was pacific northwest admitted
1378	where is the state of columbia
1379	what was the state of washington known for
1380	why did the u batten happen
1381	did the lusitania sink
1382	what was the effect of unrestricted submarine warfare
1383	why did the united states enter an allies alliance
1384	what was the effect of the uboat
1385	what were the effects of unrestricted submarine warfare
1386	what were the effects of the u batt
1387	when did the u boat invasion happen
1388	what was the impact of the united states' unrestricted submarine warfare?
1389	what was the effect of the u boeing and fuhrman telegram on the united states
1390	why did the us enter ww1
1391	why did the u s enter wwii
1392	what was the reasons why the us entered ww1
1393	which event caused the us to enter ww1
1394	when was the us enter ww1
1395	what were the reasons the us entered WW1?
1396	what were the reasons that the united states was involved in wwi?
1397	what were the 4 reasons why the us entered ww1
1398	which us vessel did not sink in ww1?
1399	what were the main reasons the US entered WW1
1400	why did the zimmermann note happen
1401	causes of the sinking of the zimmerman note
1402	why did the sinking of neutral ships happen
1403	what was the cause of the sinking of the zimmermann ship
1404	what caused the sinking of neutral vessels
1405	what caused the sinking of the russian ship
1406	why did zimmermann notes happen
1407	what was the main cause of the sinking of neutral ships?
1408	why did the sinking of the zimmermann note happen
1409	zimmerman note causes
1410	what were woodrow wilson's actions during the great war
1411	what was woodrow wilson's role in the banking system
1412	what was the main reason for woodrow wilson to start a federal banking system
1413	when did woodrow wilson take power in the great war
1414	what was woodrow wilson's policy during the great war?
1415	who led the american banking system
1416	why did woodrow wilson change the banking system
1417	when did wilson start reorganising government?
1418	when was the federal banking system created
1419	what actions did woodrow wilson take
1420	did the united states enter wwi
1421	when were us enter ww1
1422	what year did the us start ww1
1423	what was the immediate cause of ww1?
1424	when did us enter wwi
1425	when did the united states enter world war i
1426	what was the cause of wwi?
1427	when did the us enter ww1
1428	which was the cause of the american entry into ww1?
1429	when did the us enter ww1
1430	when was the russian commonwealth formed
1431	where is the russian communist republic
1432	what is commsid
1433	what was the russian commonwealth of independent states?
1434	what was the russian-commonwealth
1435	what is the definition for the russian commonwealth in russia
1436	what is commonwealth of states
1437	what is comms?
1438	how did the russian nation of russia become an independent nation
1439	when did the Commonwealth of Independent States form
1440	what year was the cis created
1441	who created the us state cis
1442	what is the purpose of the cis
1443	what was the purpose of the commonwealth of independent states quizlet
1444	what is the communist alliance
1445	what was the definition of the commonwealth of independent states?
1446	when was the cis formed
1447	why was cis created
1448	what was cis
1449	why did they form the cis
1450	when was the commonwealth of independent states created
1451	when is the commonwealth of independent states
1452	when was cis established
1453	when was cis established
1454	when was the commonwealth of independent states (cis) established
1455	when was the commonwealth of independent states established
1456	what year was the first cis established
1457	who were the cis
1458	what year was communism started
1459	when was cis established
1460	what is league of nations
1461	when was the United nations formed
1462	why was the united nations formed
1463	when was the league of nations formed
1464	when did the united nations dissolve
1465	what is a league nations
1466	when wastirin formed after Tagesspiegel
1467	what was the united nations organization
1468	when did the united nation become part of the un
1469	what is the league of nations
1470	define ceis
1471	what is cis?
1472	what does cis mean in politics
1473	cis, defined
1474	what are cis
1475	define cis
1476	what is the cis
1477	what is the definition of cis
1478	what is cis
1479	what is the meaning of cis
1480	definition of visceral
1481	visceral definition
1482	define definition for visceral
1483	visceral definition
1484	visceral meaning
1485	definition of visceral
1486	what is visceral means
1487	viscera definition
1488	definition of visceral
1489	visceral definition
1490	visceral definition
1491	visceral definition
1492	define visceral
1493	definition of visceral
1494	visceral definition
1495	visceral define
1496	what's the definition for visceral
1497	definition of visceral
1498	what is visceral
1499	visceral definition
1500	visceral definition
1501	define visceral
1502	visceral meaning
1503	visceral definition
1504	what is visceral
1505	definition of visceral
1506	where is a visceral sensation felt?
1507	visceral definition
1508	what is visceral
1509	definition visceral
1510	'visceral' definition literary term
1511	definition of visceral
1512	definition of visceral
1513	what is the meaning of visceral
1514	definition of visceral
1515	define visceral
1516	what is visceral
1517	visceral literary definition
1518	visceral definition
1519	visceral synonyms
1520	what do visceral mean
1521	visceral definition
1522	what is visceral
1523	visceral definition
1524	visceral meaning
1525	definition of visceral
1526	visceral definition
1527	visceral meaning
1528	what is visceral
1529	visceral definition
1530	what is bluetooth?
1531	what is wifi and bluetooth?
1532	what is wifi and bluetooth used for
1533	what is the difference between bluetooth and wifi
1534	how many meters away is bluetooth from wifi
1535	where is wifi used
1536	what is bluetooth and wifi
1537	what is the difference between wifi and bluetooth?
1538	how wireless works bluetooth
1539	what is wifi vs bluetooth use for
1540	what is the difference between bluetooth and wifi?
1541	what is bluetooth wifi
1542	difference between bluetooth and wifi
1543	what is the difference in wifi and bluetooth?
1544	which is better wireless or bluetooth?
1545	what is the difference between bluetooth and wifi wifi
1546	what is the difference between bluetooth and wi-fi
1547	what is the difference between bluetooth and wifi?
1548	what is the difference between bluetooth and wifi?
1549	what is a wifi wifi bluetooth?
1550	what is the difference between bluetooth and wifi
1551	what is the difference between bluetooth and wi-fi
1552	why is bluetooth different from wifi?
1553	what is the difference between wifi and bluetooth?
1554	what is the difference between bluetooth and wi-fi
1555	difference between wireless bluetooth and wireless wireless
1556	what is the difference between bluetooth and wi-fi
1557	why is bluetooth and wifi similar
1558	difference between bluetooth and wifi
1559	what is difference between bluetooth and wifi
1560	how secure is bluetooth
1561	what is bluetooth wireless secure
1562	what is the bluetooth 4.0
1563	what is the difference between bluetooth direct and wireless os
1564	what type of security is bluetooth
1565	which bluetooth version has the best encryption
1566	what is the difference between bluetooth and wifi direct
1567	how secure is bluetooth
1568	what is bluetooth secure?
1569	what's the difference between bluetooth and wi-fi?
1570	difference between bluetooth and wi-fi
1571	is bluetooth or wifi better
1572	where is bluetooth speaker connected
1573	what is the difference between a wireless speaker and bluetooth
1574	why is it important to use bluetooth
1575	what is the difference between bluetooth and wifi
1576	what is the difference between bluetooth and wi-fi
1577	what is bluetooth speaker
1578	what does bluetooth speaker do on a laptop?
1579	difference between wireless bluetooth and wifi
1580	what is the symbol of the flag of thailand
1581	what does the thai flag represent
1582	what is thailand's flag
1583	what is the flag of Thailand called
1584	what is the flag of thailand
1585	what is the thai flag
1586	what are the colours in thailand flag
1587	what are the flag colors of the thailand
1588	what does thailand flag mean
1589	what is the thai flag
1590	what is the meaning of thailand's flag
1591	what is the thailand flag
1592	what does the thai flag represent
1593	what is the meaning of the thailand flag
1594	what does the thailand flag symbolize
1595	what do the thai flag colors
1596	what does the blue flag represent in thailand
1597	what does the thailand flag mean
1598	what does the thailand flag mean
1599	what is the thailand flag color mean
1600	what does the thailand flag mean
1601	what does the thai flag mean
1602	what the symbolism of flag of thailand
1603	what color is the thai flag
1604	meaning of the red flag in tha camp
1605	what is the meaning behind thailand flag
1606	what is the meaning of the thai flag
1607	what does the thai flag mean
1608	what is the meaning of thailand's flag
1609	what is the meaning of the thailand flag
1610	what is the color of thailand flag
1611	what does the colors of thailand flag mean
1612	what is the colour of thailand flag
1613	what is the national color of thailand
1614	what is the colors of thailand's flag
1615	what does the thai flag mean
1616	what is the color for the thai flag
1617	what is the colour of thailand flag
1618	what is the color of the thailand flag
1619	what does thailand's flag represent
1620	what is thailand flag colors
1621	what is thailand flag colors
1622	what is thailands thai flag colour
1623	what is the flag of thailand called
1624	what color flag is thailand
1625	what the thai flag
1626	what is the thailand flag
1627	what is the thailand flag
1628	what colors of thailand flag are tricolor
1629	what is the thais flag called
1630	what is the difference between pine and spruce
1631	what is the difference between a pine and a spruce tree?
1632	difference between pine cones and spruce
1633	what are the difference between spruce and pine trees
1634	what is the difference between a spruce and a pine?
1635	what is the difference between a spruce and a pine
1636	what is the difference between a spruce and a fir tree
1637	how to tell if a spruce is a fir tree
1638	what is the difference between spruce and fir tree
1639	difference between pine cone and spruce tree
1640	what is the difference between trees and spruce
1641	how do you tell spruce from fir
1642	what's the difference between a spruce and a fir tree
1643	why does trees feel a little rough on the outside
1644	what is the difference between a spruce and fir tree
1645	do fir tree needles feel rough
1646	what is fir and spruce
1647	whats the difference between  acids fir and spruce
1648	how do you tell between fir trees and spruce plants
1649	what tree does the needles come from
1650	what distinguish trees from other spruces?
1651	how to find a spruce tree
1652	identifying spruce trees from pine
1653	what distinguishes a spruce from a pine tree
1654	how to tell the difference between a pine trees and spruce trees
1655	how to differentiate spruce trees from pine trees
1656	how to identify spruce trees
1657	how do you tell what pines are from spruces
1658	what tree distinguishes between pines and spruces
1659	spruce branches how do you know
1660	what is spruce tree
1661	what is spruce?
1662	definition of spruce
1663	definition of spruce
1664	what is spruce
1665	what is spruce
1666	definition spruce
1667	what is the meaning of spruce
1668	what is spruce
1669	realistic meanings of spruce
1670	what is a spruce
1671	definition of spruce
1672	what is spruce
1673	what does spruce mean
1674	definition of spruce trees
1675	define spruce tree
1676	what is spruce
1677	define spruce
1678	what is spruce
1679	what is spruce
1680	what is the name of the medicine that is used to treat cold sores
1681	what is famvir prescribed for
1682	what is famvir used for
1683	what is famvir
1684	what is famvir used for
1685	what is famvir used to treat
1686	what is the difference between famvir & amli
1687	what is famvir used to treat?
1688	famvir is used to treat what
1689	what is famvir
1690	which pill is used for treating cold sores
1691	Dienstleistungen famvir
1692	famvir is used for what?
1693	what is famvir for?
1694	what is famvir used for
1695	what is famvir for
1696	what is famvir used for
1697	what is famciclovir used for
1698	what is famvir used for
1699	fabciclovir for how
1700	what type of medicine is valtrex
1701	what is the medicine for genital herpes
1702	what is genital herpes used for
1703	what medicine is for genital herpes
1704	what medications are commonly used for genital herpes
1705	what is the medication to treat genital herpes
1706	common medications for herpes
1707	what is the pill form of zovirax
1708	what is the best medication for genital herpes
1709	what is valtrex taken for
1710	what is the fda approved cold sore medication
1711	fda approved cold sore medication
1712	what is the fda approved for cold sores
1713	does valtrex really help cold sores
1714	what is the medication for cold sores
1715	what is the fda approved cold sore medication
1716	what tamiflu for cold sores
1717	what is the pill fda approved for cold sores
1718	does valtrex cause cold sores
1719	what medications treat cold sores
1720	what medication for herpes
1721	why is fetaliclovir prescribed
1722	what is famvir prescribed for?
1723	what is the prescription fabciclovir
1724	what is famvir used for
1725	what is amitriptyline medication famvir
1726	what is famvir for
1727	what is amiclovir
1728	what is amiclovir
1729	what is famvir used to treat
1730	what are durable medical equipment
1731	what medical equipment is needed for a patient for a certain medical condition
1732	what is dme in medical terms
1733	what is durable medical equipment
1734	medical equipment definition
1735	what is a durable medical equipment
1736	what is a dme?
1737	what is the medical terminology of durable medical equipment
1738	what is dme used for
1739	what is the dme
1740	durable medical equipment definition
1741	durable medical equipment definition
1742	what is durable medical equipment?
1743	durable medical device definition
1744	which durable medical equipment is used for home use in the home
1745	what does durable medical equipment mean
1746	what is durable medical equipment
1747	durable medical equipment definition
1748	definition of durable medical equipment
1749	what is medical durables
1750	what is durable hospital equipment
1751	what is durable medical equipment called demand?
1752	what does medicare part b cover
1753	what is the definition of a durable medical equipment in medicare
1754	why use durable medical equipment when rented
1755	definition of durable medical equipment
1756	what is the purpose of durable medical equipment
1757	what type of equipment for medicare
1758	what type of medical equipment is used for a home
1759	what is medical device vs rented
1760	what is durable health care equipment
1761	what is dme?
1762	what is considered durable medical equipment
1763	what is dme business
1764	what is durable medical equipment
1765	what is considered durable medical equipment
1766	what is durable medical equipment
1767	medical equipment definition
1768	what is the purpose of durable medical equipment
1769	what is the meaning of durable medical equipment
1770	what is dme?
1771	what is dme for healthcare
1772	what are durable medical devices?
1773	what is dme
1774	what is dme?
1775	dme equipment definition
1776	what is the definition of durable medical equipment
1777	what is durable medical equipment
1778	what is a durable medical equipment
1779	what is meant by durable medical equipment?
1780	what is the bsa analyst
1781	what is a bsa analyst
1782	what is the difference between bsa and aml analyst
1783	what is bsa analyst
1784	what is the purpose of a bsa analyst
1785	what is the role of a basa/malarial analyst
1786	what is bsa and aml analyst
1787	what is bsa/aml analyst
1788	what is bsa analyst
1789	what is the bsa analyst
1790	what is a aml analyst job description
1791	what is a aml analyst
1792	what is the job description on a aml analyst
1793	what is a aml analyst
1794	what is an aml analyst
1795	what is the aml analyst's job description?
1796	what is the role of aml analyst
1797	who are ML analyst
1798	what does a aml analyst do
1799	what's the aml analyst
1800	what is the job role of compliance analyst?
1801	what is the role of compliance analyst
1802	what is janney compliance analyst
1803	what is compliance analyst position description
1804	what is the role of compliance analyst
1805	what is the role of a compliance analystbout
1806	who is compliance analyst
1807	what is the role of compliance analyst in law enforcement
1808	anti-money laundering compliance analyst role
1809	anti money laundering compliance analyst job description
1810	what is a alm analyst
1811	what is bsa/aml analyst
1812	bsa analyst iii responsibilities
1813	what is bsa analyst
1814	bsa/alm analyst ii
1815	what is a bsa and aml analyst
1816	what is an abl analyst
1817	what is the bsa/alm analyst job description
1818	what type of analyst do i need for bsa
1819	what are bsa/aml analyst
1820	how to predict convergent boundary
1821	what occurs where two plates slide toward one another
1822	which boundary is associated with the formation of a subduction zone and is characterized by the appearance of __________.
1823	where do continental convection boundary
1824	why are continental margins destructive
1825	which of the following occurs within convergency plates?
1826	what occurs when two plates slide toward each other to form a continental boundary
1827	what boundary is formed between two plates?
1828	where does the term active margin come from
1829	what type boundary is formed by thevoluntarily slipping of plates?
1830	how is the continental arc formed?
1831	where are continental arcs formed
1832	what is the continental arc made of
1833	how are continental arcs made
1834	why does the continental arc form
1835	how are volcanic arcs formed
1836	where is the continental arc located
1837	where are volcanoes formed
1838	what are volcanic arcs
1839	which crustal material is formed at volcanic arcs?
1840	what type of plate boundary are active continental margins
1841	what type of geological activity occurs in the pacific ocean
1842	which two continents have active continental margins?
1843	how are active continental margins classified
1844	which of the following is a continental margin
1845	what type of continental boundary has the ocean floor
1846	which continent has active margins? quizlet
1847	what type of plate boundary is near the continental margin?
1848	what kind of geological activity are the oceans
1849	what type of margins are ocean trenches
1850	what is the boundary between two continents
1851	what boundary boundary is between two continents?
1852	what boundary is between 2 continents
1853	what is the convergent boundaries
1854	what is the convergent boundary
1855	how many continents are in the ocean
1856	which type of boundary is the collision of two continents?
1857	which type of boundary is the adm of the active continental margin?
1858	where are two continents colliding together?
1859	what type of continental boundary would be formed when 2 continents collided
1860	which type of plate boundary causes mountain building
1861	what is active continental margin
1862	what is active continental margin
1863	which plate boundary is prone to mountain building quizlet
1864	what are the two types of continental margins?
1865	what is the main type of continental margin
1866	which continental plate boundary occurs during a volcanic eruption?
1867	which type of plate boundary is responsible for mountains
1868	what type of plate boundary has mountain building and volcano
1869	how do mountains develop
1870	how are slopes formed when there is an erosion
1871	what is the difference between terracing and contour ploughing
1872	what is the purpose of contour ploughing
1873	what is the best way to prevent a rain driven erosion?
1874	what is contour ploughing
1875	how to prevent erosion in hills
1876	how to prevent rain erosion on slope
1877	what is ploughing
1878	which way would you anchor a slope to prevent erosion
1879	why is contour ploughing so effective
1880	why is it important to anchor dirt down
1881	what prevents rain driven erosion
1882	what helps prevent erosion downhill?
1883	how to prevent rain driven erosion
1884	what to do about rain-driven erosion
1885	what to do for rain driven erosion
1886	what to do for rain driven erosion
1887	what makes dirt erosion
1888	what prevents water erosion
1889	how does erosion occur in a hill
1890	contour plowing definition
1891	contour plowing definition
1892	contour plowing definition
1893	contour plowing definition
1894	contour plowing definition
1895	what is contour plowing?
1896	contour plowing meaning
1897	contour plowing definition
1898	definition of contour plowing
1899	contour plowing definition
1900	what is contour plowing
1901	what is contour plowing
1902	what is contour farming
1903	contour farming definition
1904	contour plowing definition
1905	contour plowing definition
1906	define contour plowing
1907	contour farming definition
1908	contour farming definition
1909	contour farming definition
1910	what is contour plowing
1911	contour plowing definition
1912	contour farmers definition
1913	how contour ploughing works
1914	define contour plowing
1915	why do farmers use contour ploughs
1916	what is contour ploughing
1917	contour farming definition
1918	contour plowing definition
1919	contour plowing
1920	what percentage of americans are 3 percenters
1921	what is 3 percenter law?
1922	what is the 3 percenter law
1923	what is third percenters
1924	what's third percent
1925	why are we called 3 percenters
1926	which amendment says that a person cannot be disarmed if they can refuse to comply with laws that violate the second amendment?
1927	what is the definition of 3 per center
1928	who are the 3 percenters
1929	who were the 3 percenters
1930	what is the three percenters
1931	what is the three percenters
1932	how many people in the american revolution participated
1933	when did the three percenters take place
1934	when were the three percenters formed
1935	what were the three percenters
1936	how many americans were in the three percenters
1937	what was the three percenters
1938	what was the three percenter movement?
1939	how did the three percenters come about
1940	which government extremist movement was started by three percenters
1941	who is the three percenters?
1942	what is the purpose of oath keepers
1943	which movement is the three percenters
1944	what is the oath keepers
1945	who is the oath keepers
1946	who are the oath keepers
1947	who are the three percenters
1948	what is the idea that the federal government is plotting to take away the right to take away the rights of american citizens?
1949	who is the three percenters
1950	which structure is a xylem tracheid?
1951	what are the tracheids in the xylem
1952	what is the xylem tracheids
1953	what is the function of the xylem tracheids
1954	which structure of a xylem tracheid contains a continuous layer of primary cell walls and lignified secondary cell thickening?
1955	which type of tissue is found within xylem tracheids?
1956	what is the function of a xylem tracheal
1957	what is xylem tracheids
1958	which type of cell has continuous xylem cell walls
1959	xylem tissue is made up of
1960	xylem tissue definition
1961	what is a plant xylem
1962	what organelles carry water to the roots of a plant
1963	which tissues contain water and mineral deposits and is responsible for water transport
1964	what is the function of xylem
1965	what is the xylem tissue
1966	what is xylem
1967	where is water carried from
1968	which vascular tissue transports water and minerals to the rest of the plant?
1969	what is the xylem tissue
1970	what is a tracheid
1971	where are tracheids mostly found
1972	what is a tracheid in plants
1973	what is the function of a tracheid
1974	what is the function of tracheid?
1975	what is the function of Tracheidea
1976	Tracheids are usually found in the xylem of plants except certain angiosperms and cereals
1977	what is the function of the tracheid
1978	where are tracheid found
1979	trachea plants definition
1980	which type of tissue provides the vascular support of plant roots?
1981	why is the xylem of plants vascular? why is it important
1982	xylem definition
1983	what tissue is responsible for delivering water to the rest of the plant
1984	what tissues in a plant are responsible for conveying minerals
1985	what is the function of the xylem?
1986	xylem definition
1987	what is the main function of the xylem?
1988	what is the function of xylem
1989	why do plants need xylem tissue
1990	what is the role of the xylem
1991	which type of cell transports water
1992	definition of xylem
1993	what is the xylem
1994	which type of vascular tissue is responsible for transferring water?
1995	what is xylem?
1996	what is xylem
1997	what carries minerals from the roots into the xylem
1998	what is a plant's tissue that carries water
1999	what is the xylem
2000	how hot should hydrogen be to turn it into liquid
2001	how cold must hydrogen be to make liquid?
2002	how does hydrogen become a liquid
2003	how to make hydrogen a liquid
2004	how cold is hydrogen supposed to get to become liquid
2005	how hot does it need to cool hydrogen?
2006	what temperature does hydrogen need to cool
2007	how cold must hydrogen get to be
2008	how much coolant does hydrogen use
2009	what temperature can hydrogen become a liquid
2010	what is the chemical formula for hydrogen
2011	at what temperature is hydrogen a liquid
2012	what is the molecular formula for hydrogen
2013	what temperature does hydrogen
2014	what is hydrogen gas?
2015	what is the liquid gas formula for hydrogen
2016	what is hydrogen gas
2017	what temperature does hydrogen gas change
2018	what's the chemical formula of hydrogen
2019	where is hydrogen gas stored
2020	at what pressure does hydrogen solidify
2021	what temp does hydrogen solidify
2022	at what pressure and at what temperature does hydrogen start to solidify
2023	what's the standard temperature of hydrogen?
2024	what is the stp pressure
2025	at what pressure does hydrogen solidify
2026	what is the stp temperature for hydrogen ion
2027	what is the temperature of hydrogen in a liquid state?
2028	what temperature does hydrogen cool to
2029	what does the temperature of hydrogen in an stp tank mean?
2030	which elements are commonly found in the universe
2031	how is hydrogen made
2032	what type of chemical formula is hydrogen
2033	what is the chemical formula for hydrogen
2034	what is hydrogen
2035	why is water a compound based on hydrogen
2036	what is hydrogen a compound like
2037	what elements are made of hydrogen
2038	what is the chemical formula for hydrogen
2039	what is the chemical formula of hydrogen
2040	what's the difference between air and hydrogen
2041	which gases can change color and odor
2042	is hydrogen an element
2043	which is less hydrogen or air?
2044	what is the element density of hydrogen
2045	when hydrogen turns to liquid how hot
2046	what's the density of hydrogen
2047	what is the density of hydrogen
2048	what is the difference between hydrogen and nitrogen
2049	what temperature does water change to hydrogen
2050	what is the average temperature in jamaica
2051	what is the weather like in jamaica
2052	average temperature in jamaica
2053	average temperature in jamaica
2054	how is jamaica's weather like in the summer
2055	what is the weather like in jamaica
2056	what is the weather like in jamaica
2057	average temperatures of jamaica
2058	what is the weather in jamaica
2059	what is the tropical climate in jamaica
2060	average temperature in jamaica all year round
2061	what's the average temperature in jamaica?
2062	what's the weather in jamaica
2063	what is the weather in jamaica
2064	what is the temperature in jamaica
2065	average temperature of jamaica
2066	what is the average temperature of jamaica
2067	what is the temperature of jamaica?
2068	what is the weather like in jamaica
2069	what is the weather like in jamaica?
2070	what is the weather like in jamaica
2071	what is the weather like in jamaica
2072	what is the weather in jamaica
2073	average temperature in jamaica
2074	what is the temperature at the end of the year in jamaica
2075	what is the climate in jamaica
2076	average temperatures in jamaica year round
2077	what is the weather in jamaica
2078	what is the weather in jamaica?
2079	what is the weather in jamaica
2080	what is the weather in jamaica?
2081	temperature in jamaica
2082	average temperature jamaica
2083	what's the weather like in jamaica
2084	what is the temperature in jamaica
2085	average temperature in jamaica year round
2086	what is the weather in jamaica
2087	what is the weather like in jamaica
2088	weather in jamaica
2089	what is the weather like in jamaica
2090	average temperature of jamaica
2091	how is the weather in jamaica?
2092	average temperatures in jamaica
2093	what is the weather in jamaica?
2094	average weather in jamaica
2095	what is the average temperature in jamaica
2096	what's the weather in jamaica
2097	how is the weather in jamaica
2098	what is the weather like in jamaica?
2099	average summer temperature for jamaica
